Name,Time
1101,2025-03-20 19:53:05
1147,2025-03-20 19:53:06
1132,2025-03-20 19:59:34
1145,2025-03-20 19:59:35
1101,2025-03-20 21:10:01
1147,2025-03-20 21:10:15
1132,2025-03-20 21:10:16
1145,2025-03-20 21:10:17
1146,2025-03-20 21:40:03
1101,2025-05-13 17:03:36
1147,2025-05-13 17:03:39
1132,2025-05-13 17:03:39
1145,2025-05-13 17:03:40
1132,2025-07-27 20:06:20
1146,2025-07-27 20:06:33
1101,2025-07-27 20:06:53
1147,2025-07-27 20:06:56
1145,2025-07-27 20:07:00
1146,2025-08-20 23:20:08
1101,2025-08-20 23:21:36
1147,2025-08-20 23:21:38
1132,2025-08-20 23:21:39
1145,2025-08-20 23:21:40
